Order	Family	Genus	Species	Taxon
Acari	Eriophyidae	Aculops	fuchsiae	Aculops fuchsiae
Acari	Eriophyidae	Cecidophyopsis	ribis	Cecidophyopsis ribis
Acari	Eriophyidae	Phyllocoptes	fructiphilus	Phyllocoptes fructiphilus
Acari	Eriophyidae	Phytoptus	avellanae	Phytoptus avellanae
Acari	Tarsonemidae	Phytonemus	pallidus	Phytonemus pallidus
Acari	Tetranychidae	Eotetranychus	lewisi	Eotetranychus lewisi
Acari	Tetranychidae	Eotetranychus	sexmaculatus	Eotetranychus sexmaculatus
Acari	Tetranychidae	Oligonychus	perditus	Oligonychus perditus
Acari	Tetranychidae	Tetranychus	evansi	Tetranychus evansi
Acari	Tetranychidae	Tetranychus	urticae	Tetranychus urticae
Coleoptera	Bostrichidae	Apate	monachus	Apate monachus
Coleoptera	Brentidae	Arrhenodes	minutus	Arrhenodes minutus
Coleoptera	Brentidae	Cylas	formicarius	Cylas formicarius
Coleoptera	Buprestidae	Agrilus	anxius	Agrilus anxius
Coleoptera	Buprestidae	Agrilus	auroguttatus	Agrilus auroguttatus
Coleoptera	Buprestidae	Agrilus	biguttatus	Agrilus biguttatus
Coleoptera	Buprestidae	Agrilus	bilineatus	Agrilus bilineatus
Coleoptera	Buprestidae	Agrilus	dureli	Agrilus dureli
Coleoptera	Buprestidae	Agrilus	fleischeri	Agrilus fleischeri
Coleoptera	Buprestidae	Agrilus	granulatus	Agrilus granulatus
Coleoptera	Buprestidae	Agrilus	granulatus	Agrilus granulatus
Coleoptera	Buprestidae	Agrilus	hastulifer	Agrilus hastulifer
Coleoptera	Buprestidae	Agrilus	horni	Agrilus horni
Coleoptera	Buprestidae	Agrilus	mali	Agrilus mali
Coleoptera	Buprestidae	Agrilus	planipennis	Agrilus planipennis
Coleoptera	Buprestidae	Chrysobothris	femorata	Chrysobothris femorata
Coleoptera	Buprestidae	Chrysobothris	mali	Chrysobothris mali
Coleoptera	Carabidae	Clivina	vagans	Clivina vagans
Coleoptera	Cerambycidae	Acalolepta	sejuncta	Acalolepta sejuncta
Coleoptera	Cerambycidae	Aeolesthes	sarta	Aeolesthes sarta
Coleoptera	Cerambycidae	Anoplophora	chinensis	Anoplophora chinensis
Coleoptera	Cerambycidae	Anoplophora	glabripennis	Anoplophora glabripennis
Coleoptera	Cerambycidae	Anoplophora	horsfieldii	Anoplophora horsfieldii
Coleoptera	Cerambycidae	Apriona	cinerea	Apriona cinerea
Coleoptera	Cerambycidae	Apriona	germarii	Apriona germarii
Coleoptera	Cerambycidae	Apriona	rugicollis	Apriona rugicollis
Coleoptera	Cerambycidae	Aromia	bungii	Aromia bungii
Coleoptera	Cerambycidae	Enaphalodes	rufulus	Enaphalodes rufulus
Coleoptera	Cerambycidae	Monochamus	alternatus	Monochamus alternatus
Coleoptera	Cerambycidae	Monochamus	carolinensis	Monochamus carolinensis
Coleoptera	Cerambycidae	Monochamus	galloprovincialis	Monochamus galloprovincialis
Coleoptera	Cerambycidae	Monochamus	guttulatus	Monochamus guttulatus
Coleoptera	Cerambycidae	Monochamus	maculosus	Monochamus maculosus
Coleoptera	Cerambycidae	Monochamus	marmorator	Monochamus marmorator
Coleoptera	Cerambycidae	Monochamus	nitens	Monochamus nitens
Coleoptera	Cerambycidae	Monochamus	notatus	Monochamus notatus
Coleoptera	Cerambycidae	Monochamus	obtusus	Monochamus obtusus
Coleoptera	Cerambycidae	Monochamus	sartor	Monochamus sartor
Coleoptera	Cerambycidae	Monochamus	scutellatus	Monochamus scutellatus
Coleoptera	Cerambycidae	Monochamus	titillator	Monochamus titillator
Coleoptera	Cerambycidae	Monochamus	urossovii	Monochamus urossovii
Coleoptera	Cerambycidae	Neocerambyx	raddei	Neocerambyx raddei
Coleoptera	Cerambycidae	Oemona	hirta	Oemona hirta
Coleoptera	Cerambycidae	Plagionotus	christophi	Plagionotus christophi
Coleoptera	Cerambycidae	Saperda	candida	Saperda candida
Coleoptera	Cerambycidae	Saperda	tridentata	Saperda tridentata
Coleoptera	Cerambycidae	Tetropium	fuscum	Tetropium fuscum
Coleoptera	Cerambycidae	Tetropium	gracilicorne	Tetropium gracilicorne
Coleoptera	Cerambycidae	Trichoferus	campestris	Trichoferus campestris
Coleoptera	Cerambycidae	Xylotrechus	(Turanoclytus)	Xylotrechus (Turanoclytus)
Coleoptera	Cerambycidae	Xylotrechus	altaicus	Xylotrechus altaicus
Coleoptera	Cerambycidae	Xylotrechus	chinensis	Xylotrechus chinensis
Coleoptera	Cerambycidae	Xylotrechus	grayii	Xylotrechus grayii
Coleoptera	Chrysomelidae	Acanthoscelides	obtectus	Acanthoscelides obtectus
Coleoptera	Chrysomelidae	Bruchus	pisorum	Bruchus pisorum
Coleoptera	Chrysomelidae	Bruchus	rufimanus	Bruchus rufimanus
Coleoptera	Chrysomelidae	Chrysophtharta	bimaculata	Chrysophtharta bimaculata
Coleoptera	Chrysomelidae	Colaspis	chlorites	Colaspis chlorites
Coleoptera	Chrysomelidae	Diabrotica	barberi	Diabrotica barberi
Coleoptera	Chrysomelidae	Diabrotica	undecimpunctata	Diabrotica undecimpunctata
Coleoptera	Chrysomelidae	Diabrotica	undecimpunctata	Diabrotica undecimpunctata
Coleoptera	Chrysomelidae	Diabrotica	virgifera	Diabrotica virgifera
Coleoptera	Chrysomelidae	Diabrotica	virgifera	Diabrotica virgifera
Coleoptera	Chrysomelidae	Epitrix	argentinensis	Epitrix argentinensis
Coleoptera	Chrysomelidae	Epitrix	cucumeris	Epitrix cucumeris
Coleoptera	Chrysomelidae	Epitrix	fasciata	Epitrix fasciata
Coleoptera	Chrysomelidae	Epitrix	papa	Epitrix papa
Coleoptera	Chrysomelidae	Epitrix	similaris	Epitrix similaris
Coleoptera	Chrysomelidae	Epitrix	subcrinita	Epitrix subcrinita
Coleoptera	Chrysomelidae	Epitrix	tuberis	Epitrix tuberis
Coleoptera	Chrysomelidae	Leptinotarsa	decemlineata	Leptinotarsa decemlineata
Coleoptera	Chrysomelidae	Microtheca	ochroloma	Microtheca ochroloma
Coleoptera	Chrysomelidae	Psylliodes	punctifrons	Psylliodes punctifrons
Coleoptera	Curculionidae	Anisandrus	maiche	Anisandrus maiche
Coleoptera	Curculionidae	Anthonomus	bisignifer	Anthonomus bisignifer
Coleoptera	Curculionidae	Anthonomus	eugenii	Anthonomus eugenii
Coleoptera	Curculionidae	Anthonomus	quadrigibbus	Anthonomus quadrigibbus
Coleoptera	Curculionidae	Anthonomus	signatus	Anthonomus signatus
Coleoptera	Curculionidae	Atrichonotus	taeniatulus	Atrichonotus taeniatulus
Coleoptera	Curculionidae	Conotrachelus	nenuphar	Conotrachelus nenuphar
Coleoptera	Curculionidae	Cyclorhipidion	pelliculosum	Cyclorhipidion pelliculosum
Coleoptera	Curculionidae	Dendroctonus	adjunctus	Dendroctonus adjunctus
Coleoptera	Curculionidae	Dendroctonus	brevicomis	Dendroctonus brevicomis
Coleoptera	Curculionidae	Dendroctonus	frontalis	Dendroctonus frontalis
Coleoptera	Curculionidae	Dendroctonus	mesoamericanus	Dendroctonus mesoamericanus
Coleoptera	Curculionidae	Dendroctonus	micans	Dendroctonus micans
Coleoptera	Curculionidae	Dendroctonus	ponderosae	Dendroctonus ponderosae
Coleoptera	Curculionidae	Dendroctonus	pseudotsugae	Dendroctonus pseudotsugae
Coleoptera	Curculionidae	Dendroctonus	rufipennis	Dendroctonus rufipennis
Coleoptera	Curculionidae	Dendroctonus	simplex	Dendroctonus simplex
Coleoptera	Curculionidae	Dendroctonus	valens	Dendroctonus valens
Coleoptera	Curculionidae	Diaprepes	abbreviatus	Diaprepes abbreviatus
Coleoptera	Curculionidae	Dryocoetes	confusus	Dryocoetes confusus
Coleoptera	Curculionidae	Euplatypus	parallelus	Euplatypus parallelus
Coleoptera	Curculionidae	Euwallacea	fornicatior	Euwallacea fornicatior
Coleoptera	Curculionidae	Euwallacea	fornicatus	Euwallacea fornicatus
Coleoptera	Curculionidae	Euwallacea	kuroshio	Euwallacea kuroshio
Coleoptera	Curculionidae	Euwallacea	perbrevis	Euwallacea perbrevis
Coleoptera	Curculionidae	Gnathotrichus	sulcatus	Gnathotrichus sulcatus
Coleoptera	Curculionidae	Gonipterus	gibberus	Gonipterus gibberus
Coleoptera	Curculionidae	Gonipterus	scutellatus	Gonipterus scutellatus
Coleoptera	Curculionidae	Hylesinus	cholodkovskyi	Hylesinus cholodkovskyi
Coleoptera	Curculionidae	Hylesinus	eos	Hylesinus eos
Coleoptera	Curculionidae	Hylesinus	laticollis	Hylesinus laticollis
Coleoptera	Curculionidae	Hylesinus	striatus	Hylesinus striatus
Coleoptera	Curculionidae	Ips	amitinus	Ips amitinus
Coleoptera	Curculionidae	Ips	calligraphus	Ips calligraphus
Coleoptera	Curculionidae	Ips	cembrae	Ips cembrae
Coleoptera	Curculionidae	Ips	confusus	Ips confusus
Coleoptera	Curculionidae	Ips	duplicatus	Ips duplicatus
Coleoptera	Curculionidae	Ips	grandicollis	Ips grandicollis
Coleoptera	Curculionidae	Ips	hauseri	Ips hauseri
Coleoptera	Curculionidae	Ips	lecontei	Ips lecontei
Coleoptera	Curculionidae	Ips	paraconfusus	Ips paraconfusus
Coleoptera	Curculionidae	Ips	perturbatus	Ips perturbatus
Coleoptera	Curculionidae	Ips	pini	Ips pini
Coleoptera	Curculionidae	Ips	plastographus	Ips plastographus
Coleoptera	Curculionidae	Ips	sexdentatus	Ips sexdentatus
Coleoptera	Curculionidae	Ips	subelongatus	Ips subelongatus
Coleoptera	Curculionidae	Ips	typographus	Ips typographus
Coleoptera	Curculionidae	Lissorhoptrus	oryzophilus	Lissorhoptrus oryzophilus
Coleoptera	Curculionidae	Listroderes	costirostris	Listroderes costirostris
Coleoptera	Curculionidae	Listroderes	delaiguei	Listroderes delaiguei
Coleoptera	Curculionidae	Listroderes	difficilis	Listroderes difficilis
Coleoptera	Curculionidae	Listronotus	bonariensis	Listronotus bonariensis
Coleoptera	Curculionidae	Naupactus	leucoloma	Naupactus leucoloma
Coleoptera	Curculionidae	Naupactus	xanthographus	Naupactus xanthographus
Coleoptera	Curculionidae	Orchidophilus		Orchidophilus 
Coleoptera	Curculionidae	Phlyctinus	callosus	Phlyctinus callosus
Coleoptera	Curculionidae	Phyrdenus	muriceus	Phyrdenus muriceus
Coleoptera	Curculionidae	Pissodes	cibriani	Pissodes cibriani
Coleoptera	Curculionidae	Pissodes	fasciatus	Pissodes fasciatus
Coleoptera	Curculionidae	Pissodes	nemorensis	Pissodes nemorensis
Coleoptera	Curculionidae	Pissodes	nitidus	Pissodes nitidus
Coleoptera	Curculionidae	Pissodes	punctatus	Pissodes punctatus
Coleoptera	Curculionidae	Pissodes	strobi	Pissodes strobi
Coleoptera	Curculionidae	Pissodes	terminalis	Pissodes terminalis
Coleoptera	Curculionidae	Pissodes	yunnanensis	Pissodes yunnanensis
Coleoptera	Curculionidae	Pissodes	zitacuarense	Pissodes zitacuarense
Coleoptera	Curculionidae	Pityophthorus	juglandis	Pityophthorus juglandis
Coleoptera	Curculionidae	Polygraphus	proximus	Polygraphus proximus
Coleoptera	Curculionidae	Premnotrypes	fractirostris	Premnotrypes fractirostris
Coleoptera	Curculionidae	Premnotrypes	latithorax	Premnotrypes latithorax
Coleoptera	Curculionidae	Premnotrypes	suturicallus	Premnotrypes suturicallus
Coleoptera	Curculionidae	Premnotrypes	vorax	Premnotrypes vorax
Coleoptera	Curculionidae	Pseudips	mexicanus	Pseudips mexicanus
Coleoptera	Curculionidae	Pseudopityophthorus	minutissimus	Pseudopityophthorus minutissimus
Coleoptera	Curculionidae	Pseudopityophthorus	pruinosus	Pseudopityophthorus pruinosus
Coleoptera	Curculionidae	Rhigopsidius	tucumanus	Rhigopsidius tucumanus
Coleoptera	Curculionidae	Rhynchophorus	palmarum	Rhynchophorus palmarum
Coleoptera	Curculionidae	Scolytus	morawitzi	Scolytus morawitzi
Coleoptera	Curculionidae	Scolytus	ventralis	Scolytus ventralis
Coleoptera	Curculionidae	South	American	South American
Coleoptera	Curculionidae	Stereonychus	fraxini	Stereonychus fraxini
Coleoptera	Curculionidae	Xyleborus	glabratus	Xyleborus glabratus
Coleoptera	Curculionidae	Xylosandrus	compactus	Xylosandrus compactus
Coleoptera	Curculionidae	Xylosandrus	crassiusculus	Xylosandrus crassiusculus
Coleoptera	Curculionidae	Xylosandrus	germanus	Xylosandrus germanus
Coleoptera	Dryophthoridae	Rhynchophorus	ferrugineus	Rhynchophorus ferrugineus
Coleoptera	Dryophthoridae	Rhynchophorus	phoenicis	Rhynchophorus phoenicis
Coleoptera	Elateridae	Agrypnus	variabilis	Agrypnus variabilis
Coleoptera	Elateridae	Limonius	californicus	Limonius californicus
Coleoptera	Lymexylidae	Melittomma	sericeum	Melittomma sericeum
Coleoptera	Platypodidae	Megaplatypus	mutatus	Megaplatypus mutatus
Coleoptera	Platypodidae	Platypus	apicalis	Platypus apicalis
Coleoptera	Platypodidae	Platypus	quercivorus	Platypus quercivorus
Coleoptera	Scarabaeidae	Exomala	orientalis	Exomala orientalis
Coleoptera	Scarabaeidae	Heteronychus	arator	Heteronychus arator
Coleoptera	Scarabaeidae	Popillia	japonica	Popillia japonica
Diptera	Agromyzidae	Liriomyza	brassicae	Liriomyza brassicae
Diptera	Agromyzidae	Liriomyza	bryoniae	Liriomyza bryoniae
Diptera	Agromyzidae	Liriomyza	chinensis	Liriomyza chinensis
Diptera	Agromyzidae	Liriomyza	huidobrensis	Liriomyza huidobrensis
Diptera	Agromyzidae	Liriomyza	sativae	Liriomyza sativae
Diptera	Agromyzidae	Liriomyza	trifolii	Liriomyza trifolii
Diptera	Agromyzidae	Nemorimyza	maculosa	Nemorimyza maculosa
Diptera	Anthomyiidae	Delia	sanctijacobi	Delia sanctijacobi
Diptera	Anthomyiidae	Strobilomyia	viaria	Strobilomyia viaria
Diptera	Cecidomyiidae	Aschistonyx	eppoi	Aschistonyx eppoi
Diptera	Cecidomyiidae	Contarinia	jongi	Contarinia jongi
Diptera	Cecidomyiidae	Contarinia	maculipennis	Contarinia maculipennis
Diptera	Cecidomyiidae	Contarinia	pseudotsugae	Contarinia pseudotsugae
Diptera	Cecidomyiidae	Dasineura	tetensi	Dasineura tetensi
Diptera	Cecidomyiidae	Prodiplosis	longifila	Prodiplosis longifila
Diptera	Cecidomyiidae	Resseliella	citrifrugis	Resseliella citrifrugis
Diptera	Cecidomyiidae	Resseliella	theobaldi	Resseliella theobaldi
Diptera	Cecidomyiidae	Thecodiplosis	japonensis	Thecodiplosis japonensis
Diptera	Drosophilidae	Drosophila	suzukii	Drosophila suzukii
Diptera	Tephritidae	Acanthonevra	dunlopi	Acanthonevra dunlopi
Diptera	Tephritidae	Acidiella	kagoshimensis	Acidiella kagoshimensis
Diptera	Tephritidae	Acidoxantha	bombacis	Acidoxantha bombacis
Diptera	Tephritidae	Acroceratitis	distincta	Acroceratitis distincta
Diptera	Tephritidae	Adrama		Adrama 
Diptera	Tephritidae	Anastrepha	curvicauda	Anastrepha curvicauda
Diptera	Tephritidae	Anastrepha	recurcauda	Anastrepha recurcauda
Diptera	Tephritidae	Anastrepha		Anastrepha 
Diptera	Tephritidae	Asimoneura	pantomelas	Asimoneura pantomelas
Diptera	Tephritidae	Austrotephritis	protrusa	Austrotephritis protrusa
Diptera	Tephritidae	Bactrocera	jarvisi	Bactrocera jarvisi
Diptera	Tephritidae	Bactrocera	latifrons	Bactrocera latifrons
Diptera	Tephritidae	Bactrocera		Bactrocera 
Diptera	Tephritidae	Bactrocera	tryoni	Bactrocera tryoni
Diptera	Tephritidae	Bistrispinaria	fortis	Bistrispinaria fortis
Diptera	Tephritidae	Bistrispinaria	magniceps	Bistrispinaria magniceps
Diptera	Tephritidae	Callistomyia	flavilabris	Callistomyia flavilabris
Diptera	Tephritidae	Campiglossa	albiceps	Campiglossa albiceps
Diptera	Tephritidae	Campiglossa	californica	Campiglossa californica
Diptera	Tephritidae	Campiglossa	duplex	Campiglossa duplex
Diptera	Tephritidae	Campiglossa	reticulata	Campiglossa reticulata
Diptera	Tephritidae	Campiglossa	snowi	Campiglossa snowi
Diptera	Tephritidae	Carpomya	incompleta	Carpomya incompleta
Diptera	Tephritidae	Ceratitis		Ceratitis 
Diptera	Tephritidae	Craspedoxantha	marginalis	Craspedoxantha marginalis
Diptera	Tephritidae	Dacus	ciliatus	Dacus ciliatus
Diptera	Tephritidae	Dacus	frontalis	Dacus frontalis
Diptera	Tephritidae	Dacus	punctatifrons	Dacus punctatifrons
Diptera	Tephritidae	Dacus		Dacus 
Diptera	Tephritidae	Dioxyna	chilensis	Dioxyna chilensis
Diptera	Tephritidae	Dirioxa	pornia	Dirioxa pornia
Diptera	Tephritidae	Euleia	separata	Euleia separata
Diptera	Tephritidae	Euphranta	camelliae	Euphranta camelliae
Diptera	Tephritidae	Euphranta	canadensis	Euphranta canadensis
Diptera	Tephritidae	Euphranta	cassiae	Euphranta cassiae
Diptera	Tephritidae	Euphranta	japonica	Euphranta japonica
Diptera	Tephritidae	Euphranta	oshimensis	Euphranta oshimensis
Diptera	Tephritidae	Eurosta	solidaginis	Eurosta solidaginis
Diptera	Tephritidae	Eutreta		Eutreta 
Diptera	Tephritidae	Gastrozona	nigrifemur	Gastrozona nigrifemur
Diptera	Tephritidae	Goedenia	stenoparia	Goedenia stenoparia
Diptera	Tephritidae	Gymnocarena		Gymnocarena 
Diptera	Tephritidae	Insizwa	oblita	Insizwa oblita
Diptera	Tephritidae	Marriottella	exquisita	Marriottella exquisita
Diptera	Tephritidae	Monacrostichus	citricola	Monacrostichus citricola
Diptera	Tephritidae	Myiopardalis	pardalina	Myiopardalis pardalina
Diptera	Tephritidae	Neaspilota	alba	Neaspilota alba
Diptera	Tephritidae	Neaspilota	reticulata	Neaspilota reticulata
Diptera	Tephritidae	Neoceratitis	cyanescens	Neoceratitis cyanescens
Diptera	Tephritidae	Paracantha	trinotata	Paracantha trinotata
Diptera	Tephritidae	Parastenopa	limata	Parastenopa limata
Diptera	Tephritidae	Paratephritis	fukaii	Paratephritis fukaii
Diptera	Tephritidae	Paratephritis	takeuchii	Paratephritis takeuchii
Diptera	Tephritidae	Paraterellia	varipennis	Paraterellia varipennis
Diptera	Tephritidae	Philophylla	fossata	Philophylla fossata
Diptera	Tephritidae	Procecidochares		Procecidochares 
Diptera	Tephritidae	Ptilona	confinis	Ptilona confinis
Diptera	Tephritidae	Ptilona	persimilis	Ptilona persimilis
Diptera	Tephritidae	Rhagoletis	cingulata	Rhagoletis cingulata
Diptera	Tephritidae	Rhagoletis	fausta	Rhagoletis fausta
Diptera	Tephritidae	Rhagoletis	indifferens	Rhagoletis indifferens
Diptera	Tephritidae	Rhagoletis	mendax	Rhagoletis mendax
Diptera	Tephritidae	Rhagoletis	pomonella	Rhagoletis pomonella
Diptera	Tephritidae	Rhagoletis	ribicola	Rhagoletis ribicola
Diptera	Tephritidae	Rhagoletis		Rhagoletis 
Diptera	Tephritidae	Rhagoletis	suavis	Rhagoletis suavis
Diptera	Tephritidae	Sphaeniscus	binoculatus	Sphaeniscus binoculatus
Diptera	Tephritidae	Sphenella	nigricornis	Sphenella nigricornis
Diptera	Tephritidae	Strauzia	longipennis	Strauzia longipennis
Diptera	Tephritidae	Strauzia		Strauzia 
Diptera	Tephritidae	Taomyia	marshalli	Taomyia marshalli
Diptera	Tephritidae	Tephritis	leavittensis	Tephritis leavittensis
Diptera	Tephritidae	Tephritis	luteipes	Tephritis luteipes
Diptera	Tephritidae	Tephritis	ovatipennis	Tephritis ovatipennis
Diptera	Tephritidae	Tephritis	pura	Tephritis pura
Diptera	Tephritidae	Trupanea	bisetosa	Trupanea bisetosa
Diptera	Tephritidae	Trupanea	femoralis	Trupanea femoralis
Diptera	Tephritidae	Trupanea	wheeleri	Trupanea wheeleri
Diptera	Tephritidae	Trypanocentra	nigrithorax	Trypanocentra nigrithorax
Diptera	Tephritidae	Trypeta	flaveola	Trypeta flaveola
Diptera	Tephritidae	Urophora	christophi	Urophora christophi
Diptera	Tephritidae	Xanthaciura	insecta	Xanthaciura insecta
Diptera	Tephritidae	Zacerata	asparagi	Zacerata asparagi
Diptera	Tephritidae	Zeugodacus	cucumis	Zeugodacus cucumis
Diptera	Tephritidae	Zeugodacus	cucurbitae	Zeugodacus cucurbitae
Diptera	Tephritidae	Zeugodacus		Zeugodacus 
Diptera	Tephritidae	Zeugodacus	tau	Zeugodacus tau
Diptera	Tephritidae	Zonosemata	electa	Zonosemata electa
Hemiptera	Adelgidae	Adelges	pectinatae	Adelges pectinatae
Hemiptera	Adelgidae	Adelges	tsugae	Adelges tsugae
Hemiptera	Adelgidae	Pineus	harukawai	Pineus harukawai
Hemiptera	Aleyrodidae	Aleurocanthus	camelliae	Aleurocanthus camelliae
Hemiptera	Aleyrodidae	Aleurocanthus	spiniferus	Aleurocanthus spiniferus
Hemiptera	Aleyrodidae	Aleurodicus	dispersus	Aleurodicus dispersus
Hemiptera	Aleyrodidae	Aleurotrachelus	trachoides	Aleurotrachelus trachoides
Hemiptera	Aleyrodidae	Bemisia	tabaci	Bemisia tabaci
Hemiptera	Aleyrodidae	Bemisia	tabaci	Bemisia tabaci
Hemiptera	Aleyrodidae	Trialeurodes	abutiloneus	Trialeurodes abutiloneus
Hemiptera	Aleyrodidae	Trialeurodes	ricini	Trialeurodes ricini
Hemiptera	Aphididae	Chaetosiphon	fragaefolii	Chaetosiphon fragaefolii
Hemiptera	Aphididae	Cinara	shinjii	Cinara shinjii
Hemiptera	Aphididae	Eriosoma	lanigerum	Eriosoma lanigerum
Hemiptera	Aphididae	Tetraneura	nigriabdominalis	Tetraneura nigriabdominalis
Hemiptera	Aphididae	Tinocallis	takachihoensis	Tinocallis takachihoensis
Hemiptera	Aphrophoridae	Aphrophora	angulata	Aphrophora angulata
Hemiptera	Aphrophoridae	Aphrophora	permutata	Aphrophora permutata
Hemiptera	Aphrophoridae	Lepyronia	quadrangularis	Lepyronia quadrangularis
Hemiptera	Aphrophoridae	Poophilus	costalis	Poophilus costalis
Hemiptera	Cicadellidae	Acrogonia	citrina	Acrogonia citrina
Hemiptera	Cicadellidae	Acrogonia	virescens	Acrogonia virescens
Hemiptera	Cicadellidae	Amphigonalia	severini	Amphigonalia severini
Hemiptera	Cicadellidae	Anzygina	zealandica	Anzygina zealandica
Hemiptera	Cicadellidae	Bucephalogonia	xanthophis	Bucephalogonia xanthophis
Hemiptera	Cicadellidae	Carneocephala	flaviceps	Carneocephala flaviceps
Hemiptera	Cicadellidae	Carneocephala	triguttata	Carneocephala triguttata
Hemiptera	Cicadellidae	Circulifer	haematoceps	Circulifer haematoceps
Hemiptera	Cicadellidae	Cuerna	costalis	Cuerna costalis
Hemiptera	Cicadellidae	Cuerna	occidentalis	Cuerna occidentalis
Hemiptera	Cicadellidae	Dechacona	missionum	Dechacona missionum
Hemiptera	Cicadellidae	Dilobopterus	costalimai	Dilobopterus costalimai
Hemiptera	Cicadellidae	Draeculacephala	minerva	Draeculacephala minerva
Hemiptera	Cicadellidae	Draeculacephala		Draeculacephala 
Hemiptera	Cicadellidae	Ferrariana	trivittata	Ferrariana trivittata
Hemiptera	Cicadellidae	Fingeriana	dubia	Fingeriana dubia
Hemiptera	Cicadellidae	Friscanus	friscanus	Friscanus friscanus
Hemiptera	Cicadellidae	Graphocephala	atropunctata	Graphocephala atropunctata
Hemiptera	Cicadellidae	Graphocephala	confluens	Graphocephala confluens
Hemiptera	Cicadellidae	Graphocephala	hieroglyphica	Graphocephala hieroglyphica
Hemiptera	Cicadellidae	Graphocephala	versuta	Graphocephala versuta
Hemiptera	Cicadellidae	Helochara	delta	Helochara delta
Hemiptera	Cicadellidae	Homalodisca	ignorata	Homalodisca ignorata
Hemiptera	Cicadellidae	Homalodisca	insolita	Homalodisca insolita
Hemiptera	Cicadellidae	Homalodisca	vitripennis	Homalodisca vitripennis
Hemiptera	Cicadellidae	Macrosteles	quadrilineatus	Macrosteles quadrilineatus
Hemiptera	Cicadellidae	Macugonalia	cavifrons	Macugonalia cavifrons
Hemiptera	Cicadellidae	Macugonalia	leucomelas	Macugonalia leucomelas
Hemiptera	Cicadellidae	Molomea	consolida	Molomea consolida
Hemiptera	Cicadellidae	Neoaliturus	(Circulifer)	Neoaliturus (Circulifer)
Hemiptera	Cicadellidae	Oncometopia	(Oncometopia)	Oncometopia (Oncometopia)
Hemiptera	Cicadellidae	Oncometopia	facialis	Oncometopia facialis
Hemiptera	Cicadellidae	Oncometopia	nigricans	Oncometopia nigricans
Hemiptera	Cicadellidae	Oragua	discoidula	Oragua discoidula
Hemiptera	Cicadellidae	Pagaronia	confusa	Pagaronia confusa
Hemiptera	Cicadellidae	Pagaronia	furcata	Pagaronia furcata
Hemiptera	Cicadellidae	Pagaronia	tredecimpunctata	Pagaronia tredecimpunctata
Hemiptera	Cicadellidae	Pagaronia	triunata	Pagaronia triunata
Hemiptera	Cicadellidae	Parathona	gratiosa	Parathona gratiosa
Hemiptera	Cicadellidae	Plesiommata	corniculata	Plesiommata corniculata
Hemiptera	Cicadellidae	Plesiommata	mollicella	Plesiommata mollicella
Hemiptera	Cicadellidae	Scaphoideus	luteolus	Scaphoideus luteolus
Hemiptera	Cicadellidae	Scaphoideus	titanus	Scaphoideus titanus
Hemiptera	Cicadellidae	Sibovia	sagata	Sibovia sagata
Hemiptera	Cicadellidae	Sonesimia	magna	Sonesimia magna
Hemiptera	Cicadellidae	Tapajosa	rubromarginata	Tapajosa rubromarginata
Hemiptera	Cicadellidae	Tettigella	ferruginea	Tettigella ferruginea
Hemiptera	Cicadellidae	Xyphon	fulgidum	Xyphon fulgidum
Hemiptera	Cixiidae	Haplaxius	crudus	Haplaxius crudus
Hemiptera	Cixiidae	Hyalesthes	obsoletus	Hyalesthes obsoletus
Hemiptera	Clastopteridae	Clastoptera	achatina	Clastoptera achatina
Hemiptera	Clastopteridae	Clastoptera	brunnea	Clastoptera brunnea
Hemiptera	Coccidae	Ceroplastes	ceriferus	Ceroplastes ceriferus
Hemiptera	Coccidae	Ceroplastes	floridensis	Ceroplastes floridensis
Hemiptera	Coccidae	Neopulvinaria	innumerabilis	Neopulvinaria innumerabilis
Hemiptera	Coccidae	Parasaissetia	nigra	Parasaissetia nigra
Hemiptera	Coccidae	Sphaerolecanium	prunastri	Sphaerolecanium prunastri
Hemiptera	Coccidae	Toumeyella	parvicornis	Toumeyella parvicornis
Hemiptera	Diaspididae	Aonidiella	orientalis	Aonidiella orientalis
Hemiptera	Diaspididae	Chionaspis	pinifoliae	Chionaspis pinifoliae
Hemiptera	Diaspididae	Lepidosaphes	ussuriensis	Lepidosaphes ussuriensis
Hemiptera	Diaspididae	Leucaspis	pusilla	Leucaspis pusilla
Hemiptera	Diaspididae	Lopholeucaspis	japonica	Lopholeucaspis japonica
Hemiptera	Diaspididae	Pseudaulacaspis	pentagona	Pseudaulacaspis pentagona
Hemiptera	Flatidae	Metcalfa	pruinosa	Metcalfa pruinosa
Hemiptera	Fulgoridae	Lycorma	delicatula	Lycorma delicatula
Hemiptera	Kermesidae	Nidularia	pulvinata	Nidularia pulvinata
Hemiptera	Margarodidae	Dimargarodes	meridionalis	Dimargarodes meridionalis
Hemiptera	Margarodidae	Eumargarodes	laingi	Eumargarodes laingi
Hemiptera	Margarodidae	Eurhizococcus	brasiliensis	Eurhizococcus brasiliensis
Hemiptera	Margarodidae	Eurhizococcus	colombianus	Eurhizococcus colombianus
Hemiptera	Margarodidae	Margarodes	capensis	Margarodes capensis
Hemiptera	Margarodidae	Margarodes	greeni	Margarodes greeni
Hemiptera	Margarodidae	Margarodes	prieskaensis	Margarodes prieskaensis
Hemiptera	Margarodidae	Margarodes	trimeni	Margarodes trimeni
Hemiptera	Margarodidae	Margarodes	vitis	Margarodes vitis
Hemiptera	Margarodidae	Margarodes	vredendalensis	Margarodes vredendalensis
Hemiptera	Margarodidae	Porphyrophora	tritici	Porphyrophora tritici
Hemiptera	Membracidae	Cyphonia	clavigera	Cyphonia clavigera
Hemiptera	Miridae	Creontiades	pallidus	Creontiades pallidus
Hemiptera	Miridae	Lygus	lineolaris	Lygus lineolaris
Hemiptera	Nitidulidae	Lobiopa	insularis	Lobiopa insularis
Hemiptera	Pentatomidae	Bagrada	hilaris	Bagrada hilaris
Hemiptera	Pentatomidae	Erthesina	fullo	Erthesina fullo
Hemiptera	Pentatomidae	Halyomorpha	halys	Halyomorpha halys
Hemiptera	Phylloxeridae	Daktulosphaira	vitifoliae	Daktulosphaira vitifoliae
Hemiptera	Pseudococcidae	Crisicoccus	pini	Crisicoccus pini
Hemiptera	Pseudococcidae	Maconellicoccus	hirsutus	Maconellicoccus hirsutus
Hemiptera	Pseudococcidae	Phenacoccus	fraxinus	Phenacoccus fraxinus
Hemiptera	Pseudococcidae	Phenacoccus	solani	Phenacoccus solani
Hemiptera	Pseudococcidae	Phenacoccus	solenopsis	Phenacoccus solenopsis
Hemiptera	Psyllidae	Psylla		Psylla 
Hemiptera	Rhizoecidae	Ripersiella	hibisci	Ripersiella hibisci
Hemiptera	Ricaniidae	Pochazia	shantungensis	Pochazia shantungensis
Hemiptera	Tingidae	Corythucha	arcuata	Corythucha arcuata
Hemiptera	Tingidae	Corythucha	ciliata	Corythucha ciliata
Hemiptera	Tortricidae	Acleris	gloveranus	Acleris gloveranus
Hemiptera	Tortricidae	Acleris	issikii	Acleris issikii
Hemiptera	Tortricidae	Acleris	minuta	Acleris minuta
Hemiptera	Tortricidae	Acleris	nishidai	Acleris nishidai
Hemiptera	Tortricidae	Acleris	nivisellana	Acleris nivisellana
Hemiptera	Tortricidae	Acleris	robinsoniana	Acleris robinsoniana
Hemiptera	Tortricidae	Acleris	semipurpurana	Acleris semipurpurana
Hemiptera	Tortricidae	Acleris	senescens	Acleris senescens
Hemiptera	Tortricidae	Acleris	variana	Acleris variana
Hemiptera	Tortricidae	Archips	fuscocupreanus	Archips fuscocupreanus
Hemiptera	Tortricidae	Bactra	bactrana	Bactra bactrana
Hemiptera	Tortricidae	Choristoneura	carnana	Choristoneura carnana
Hemiptera	Tortricidae	Choristoneura	conflictana	Choristoneura conflictana
Hemiptera	Tortricidae	Choristoneura	fumiferana	Choristoneura fumiferana
Hemiptera	Tortricidae	Choristoneura	lambertiana	Choristoneura lambertiana
Hemiptera	Tortricidae	Choristoneura	occidentalis	Choristoneura occidentalis
Hemiptera	Tortricidae	Choristoneura	occidentalis	Choristoneura occidentalis
Hemiptera	Tortricidae	Choristoneura	orae	Choristoneura orae
Hemiptera	Tortricidae	Choristoneura	parallela	Choristoneura parallela
Hemiptera	Tortricidae	Choristoneura	pinus	Choristoneura pinus
Hemiptera	Tortricidae	Choristoneura	retiniana	Choristoneura retiniana
Hemiptera	Tortricidae	Choristoneura	rosaceana	Choristoneura rosaceana
Hemiptera	Tortricidae	Grapholita	inopinata	Grapholita inopinata
Hemiptera	Tortricidae	Grapholita	packardi	Grapholita packardi
Hemiptera	Tortricidae	Grapholita	prunivora	Grapholita prunivora
Hemiptera	Tortricidae	Homona	magnanima	Homona magnanima
Hemiptera	Tortricidae	Platynota	flavedana	Platynota flavedana
Hemiptera	Tortricidae	Platynota	idaeusalis	Platynota idaeusalis
Hemiptera	Tortricidae	Platynota	stultana	Platynota stultana
Hemiptera	Tortricidae	Thaumatotibia	leucotreta	Thaumatotibia leucotreta
Hemiptera	Triozidae	Bactericera	cockerelli	Bactericera cockerelli
Hymenoptera	Argidae	Aproceros	leucopoda	Aproceros leucopoda
Hymenoptera	Cynipidae	Cerroneuroterus	lanuginosus	Cerroneuroterus lanuginosus
Hymenoptera	Cynipidae	Dryocosmus	kuriphilus	Dryocosmus kuriphilus
Hymenoptera	Diprionidae	Gilpinia	hercyniae	Gilpinia hercyniae
Hymenoptera	Diprionidae	Neodiprion	abietis	Neodiprion abietis
Hymenoptera	Eurytomidae	Eurytoma	schreineri	Eurytoma schreineri
Hymenoptera	Pamphiliidae	Cephalcia	lariciphila	Cephalcia lariciphila
Hymenoptera	Siricidae	Sirex	ermak	Sirex ermak
Hymenoptera	Siricidae	Sirex	nitobei	Sirex nitobei
Hymenoptera	Siricidae	Urocerus	japonicus	Urocerus japonicus
Lepidoptera	Carposinidae	Carposina	sasakii	Carposina sasakii
Lepidoptera	Castniidae	Paysandisia	archon	Paysandisia archon
Lepidoptera	Cossidae	Prionoxystus	robiniae	Prionoxystus robiniae
Lepidoptera	Crambidae	Agriphila	aeneociliella	Agriphila aeneociliella
Lepidoptera	Crambidae	Conogethes	punctiferalis	Conogethes punctiferalis
Lepidoptera	Crambidae	Duponchelia	fovealis	Duponchelia fovealis
Lepidoptera	Crambidae	Neoleucinodes	elegantalis	Neoleucinodes elegantalis
Lepidoptera	Erebidae	Lymantria	mathura	Lymantria mathura
Lepidoptera	Erebidae	Orgyia	leucostigma	Orgyia leucostigma
Lepidoptera	Gelechiidae	Keiferia	lycopersicella	Keiferia lycopersicella
Lepidoptera	Gelechiidae	Tecia	solanivora	Tecia solanivora
Lepidoptera	Geometridae	Alsophila	pometaria	Alsophila pometaria
Lepidoptera	Geometridae	Ennomos	subsignaria	Ennomos subsignaria
Lepidoptera	Geometridae	Lambdina	fiscellaria	Lambdina fiscellaria
Lepidoptera	Hepialidae	Endoclita	excrescens	Endoclita excrescens
Lepidoptera	Hepialidae	Wiseana	cervinata	Wiseana cervinata
Lepidoptera	Hepialidae	Wiseana	despecta	Wiseana despecta
Lepidoptera	Hepialidae	Wiseana	jacosa	Wiseana jacosa
Lepidoptera	Hepialidae	Wiseana	signata	Wiseana signata
Lepidoptera	Hepialidae	Wiseana	umbraculata	Wiseana umbraculata
Lepidoptera	Lasiocampidae	Dendrolimus	pini	Dendrolimus pini
Lepidoptera	Lasiocampidae	Dendrolimus	sibiricus	Dendrolimus sibiricus
Lepidoptera	Lasiocampidae	Dendrolimus	spectabilis	Dendrolimus spectabilis
Lepidoptera	Lasiocampidae	Dendrolimus	superans	Dendrolimus superans
Lepidoptera	Lasiocampidae	Malacosoma	americanum	Malacosoma americanum
Lepidoptera	Lasiocampidae	Malacosoma	disstria	Malacosoma disstria
Lepidoptera	Lasiocampidae	Malacosoma	parallela	Malacosoma parallela
Lepidoptera	Lymantriidae	Orgyia	pseudotsugata	Orgyia pseudotsugata
Lepidoptera	Lymantriidae	Orgyia	thyellina	Orgyia thyellina
Lepidoptera	Noctuidae	Chrysodeixis	includens	Chrysodeixis includens
Lepidoptera	Noctuidae	Erschoviella	musculana	Erschoviella musculana
Lepidoptera	Noctuidae	Helicoverpa	armigera	Helicoverpa armigera
Lepidoptera	Noctuidae	Helicoverpa	assulta	Helicoverpa assulta
Lepidoptera	Noctuidae	Helicoverpa	zea	Helicoverpa zea
Lepidoptera	Noctuidae	Heliothis	virescens	Heliothis virescens
Lepidoptera	Noctuidae	Spodoptera	cosmioides	Spodoptera cosmioides
Lepidoptera	Noctuidae	Spodoptera	eridania	Spodoptera eridania
Lepidoptera	Noctuidae	Spodoptera	frugiperda	Spodoptera frugiperda
Lepidoptera	Noctuidae	Spodoptera	littoralis	Spodoptera littoralis
Lepidoptera	Noctuidae	Spodoptera	litura	Spodoptera litura
Lepidoptera	Noctuidae	Spodoptera	ornithogalli	Spodoptera ornithogalli
Lepidoptera	Notodontidae	Thaumetopoea	pinivora	Thaumetopoea pinivora
Lepidoptera	Notodontidae	Thaumetopoea	pityocampa	Thaumetopoea pityocampa
Lepidoptera	Notodontidae	Thaumetopoea	processionea	Thaumetopoea processionea
Lepidoptera	Pyralidae	Achyra	rantalis	Achyra rantalis
Lepidoptera	Pyralidae	Acrobasis	pirivorella	Acrobasis pirivorella
Lepidoptera	Pyralidae	Cydalima	perspectalis	Cydalima perspectalis
Lepidoptera	Pyralidae	Elasmopalpus	lignosellus	Elasmopalpus lignosellus
Lepidoptera	Pyralidae	Euzophera	semifuneralis	Euzophera semifuneralis
Lepidoptera	Saturniidae	Hylesia	nigricans	Hylesia nigricans
Lepidotera	Tineidae	Opogona	sacchari	Opogona sacchari
Thysanoptera	Thripidae	Ceratothripoides	brunneus	Ceratothripoides brunneus
Thysanoptera	Thripidae	Ceratothripoides	claratris	Ceratothripoides claratris
Thysanoptera	Thripidae	Dichromothrips	corbetti	Dichromothrips corbetti
Thysanoptera	Thripidae	Frankliniella	fusca	Frankliniella fusca
Thysanoptera	Thripidae	Frankliniella	schultzei	Frankliniella schultzei
Thysanoptera	Thripidae	Scirtothrips	aurantii	Scirtothrips aurantii
Thysanoptera	Thripidae	Scirtothrips	citri	Scirtothrips citri
Thysanoptera	Thripidae	Scirtothrips	dorsalis	Scirtothrips dorsalis
Thysanoptera	Thripidae	Thrips	palmi	Thrips palmi
Thysanoptera	Thripidae	Thrips	parvispinus	Thrips parvispinus
